{"cameraMode":{"drawMode":0,"name":"Shaded","section":"Shading Mode"},"sceneLighting":true,"audioPlay":false,"sceneViewState":{"m_AlwaysRefresh":false,"showFog":true,"showSkybox":true,"showFlares":true,"showImageEffects":true,"showParticleSystems":true,"showVisualEffectGraphs":true,"m_FxEnabled":true},"in2DMode":false,"pivot":{"x":0.9454418420791626,"y":-1.4142307043075562,"z":-3.3320419788360597},"rotation":{"x":-0.020338382571935655,"y":0.971771776676178,"z":-0.21660281717777253,"w":-0.09123065322637558},"size":5.248645305633545,"orthographic":false}